Time(Iteration),TSLinearBandit,PHELinearBandit
0,0.4131882410740723,0.3887625229841642
1,0.9826490524258414,0.7639830984858911
2,1.4115293682504653,1.2474944438330025
3,1.8751097171148685,1.6820146000585772
4,2.254545194264929,2.11497001506572
5,2.632602595933913,2.3939594584298494
6,3.068890033436687,2.8079586659750695
7,3.5414941023119804,3.2198971379716426
8,3.8554559380269615,3.570490739622161
9,4.1440226072063,3.992723165937947
10,4.522129336334064,4.335457812617038
11,4.843832328856193,4.671825239672232
12,5.16726440113778,5.133982183721306
13,5.639361444520984,5.456735796846944
14,6.068317990082791,5.993372515814984
15,6.489976735913255,6.418199623992251
16,6.748465278049748,6.788262460378357
17,7.061905794206387,7.217540693341998
18,7.432475238298816,7.716876535917807
19,7.779243076129099,8.07842332353863
20,8.158059230747908,8.447846825838933
21,8.522452868299576,8.853188947629697
22,8.851634909391366,9.267122237701457
23,9.22749447105723,9.677883382786586
24,9.56820249565311,9.96180121177827
25,9.84189957479244,9.995654726776202
26,10.046206813251532,10.038887991557868
27,10.22009393670486,10.163545867956046
28,10.535754268733058,10.22778170423872
29,10.844428319364237,10.309923437091268
30,11.143415305169906,10.397254012666393
31,11.392463237629693,10.518702713560023
32,11.604917226825043,10.671054129577318
33,11.802366051667034,10.737951542600873
34,12.078814126320863,10.792741266741064
35,12.268822859211523,10.884878346051027
36,12.565032578663386,11.018057310528928
37,12.809442340025763,11.11406960275037
38,13.050860313927563,11.203553543305715
39,13.205066467366942,11.322117811088635
40,13.392497715799616,11.405703834862468
41,13.618480529177512,11.48039367193832
42,13.714592353592815,11.56674280008577
43,13.902487511265258,11.627820888953286
44,14.082114855184727,11.736307789010946
45,14.284641844457024,11.817031704294417
46,14.47571145798997,11.948967246193927
47,14.72131257477667,12.056526334790153
48,14.901146382817483,12.181048429203454
49,15.177565479994666,12.411547377814916
50,15.34568918492528,12.511276230245553
51,15.477622768335177,12.566351680719992
52,15.69994245454578,12.644483350697469
53,15.909984013430918,12.67411629024043
54,16.125023532033392,12.752759027087771
55,16.274900792807138,12.803320108481742
56,16.405698753184417,12.895341066434066
57,16.552540134767945,12.912636173935377
58,16.60804141244994,12.982004303754044
59,16.769040027318404,13.005961436773166
60,16.960018068050726,13.026909977744188
61,17.171795055857448,13.077437156424683
62,17.35499028304762,13.160883198826962
63,17.449766685482683,13.260390177822732
64,17.581126950814642,13.29904795802502
65,17.733342785724027,13.367890045140403
66,17.821995906106686,13.407673559775878
67,17.985189690275682,13.45482069701519
68,18.135509306005368,13.482190144618391
69,18.225978916362372,13.582354222227096
70,18.36891741245945,13.658877977276074
71,18.511790518197547,13.716605118295046
72,18.64117207061694,13.743584707745843
73,18.86340290107247,13.803901150989171
74,19.017673449569436,13.893610215231888
75,19.268712437978436,13.951237803571434
76,19.47212075090108,13.988487975947333
77,19.713135454361353,14.010803331624391
78,19.956609807095326,14.079025690130564
79,20.135767950626352,14.122297644304357
80,20.387432901829936,14.17395246891422
81,20.4772203371845,14.222104094275412
82,20.625189417975548,14.260019511448007
83,20.786102509575187,14.354954776790512
84,21.005760064294677,14.363547757440566
85,21.172703821555125,14.442813566257882
86,21.301131592782486,14.49474256887639
87,21.421780048917654,14.585713605694806
88,21.74097822692827,14.599130511048674
89,21.91736191072638,14.693617960086195
90,22.035667282590445,14.716441568846552
91,22.178398233598408,14.736392602308324
92,22.255490242046328,14.766911122882846
93,22.349933434651696,14.798889103125182
94,22.477284428488055,14.82256046325995
95,22.64761724579916,14.911099493240778
96,22.69293635870821,15.026393223663655
97,22.815473534882837,15.081294672030301
98,22.920427587886053,15.100754137615311
99,23.192267571882606,15.169452722739802
100,23.339001132041275,15.178490225034452
101,23.48332492910318,15.234856454622195
102,23.583320789497243,15.288168308657053
103,23.729982101503065,15.289651420862665
104,23.80761456080059,15.30156442993785
105,23.93695738699762,15.360105390897308
106,24.019960497614342,15.399612435378728
107,24.182949341098304,15.425074732357468
108,24.330709502987403,15.436054391802461
109,24.514067909930677,15.445088707941958
110,24.672431177507814,15.490032246077522
111,24.799696754886604,15.493112605099139
112,24.919102741734285,15.512025814582643
113,25.09324127109227,15.533282683280415
114,25.175988756906698,15.562605469450807
115,25.32190847995,15.571094238226797
116,25.4966709016116,15.611644580856497
117,25.602843260730886,15.61164776701165
118,25.69874293642521,15.63292232752129
119,25.811290564453145,15.649516506128382
120,25.90590438522603,15.661536659844097
121,25.955221767039536,15.70285446660004
122,26.069586218767807,15.727584034235685
123,26.20804891826516,15.77277385021929
124,26.280390331872816,15.783206933244012
125,26.355843713631295,15.784807366215167
126,26.401701199633273,15.822847114177117
127,26.495770281293574,15.829855956902644
128,26.618412183904752,15.839355690297177
129,26.73717047608728,15.85210155590344
130,26.790052565255518,15.893923219464861
131,26.86838873708038,15.96262473492028
132,26.96633740214014,15.998305288154265
133,27.069476529041925,16.016112010412748
134,27.19563549170084,16.044869495289934
135,27.29925327334928,16.07211346013192
136,27.44776383085316,16.121265298931952
137,27.58662981772173,16.122748411137568
138,27.728506335081995,16.1456963782484
139,27.835995486065144,16.174248942455787
140,27.910173750694213,16.221261938819588
141,27.957679654525787,16.238708017886875
142,28.00743503787559,16.29163220824683
143,28.1001778120167,16.360692804636408
144,28.131724154790653,16.400369752833022
145,28.196882299420956,16.445439002081027
146,28.301572531678907,16.4729895330971
147,28.422175660478786,16.47689032289486
148,28.54486397597001,16.55380522078236
149,28.575636739653284,16.56434805519734
150,28.711156596924212,16.59091097927403
151,28.83460682892288,16.622908603662218
152,28.901482019396127,16.622911789817373
153,29.082205583444583,16.639295950860447
154,29.181577605099466,16.64077906306606
155,29.275536899309532,16.650301550932472
156,29.409780439234243,16.66682969536926
157,29.457525539715455,16.68678208010524
158,29.55845809837146,16.69630456797165
159,29.611124991701917,16.706203680818653
160,29.715316623083424,16.718949546424916
161,29.769052477921214,16.732574169182264
162,29.879967838658246,16.732577355337416
163,29.997239033797094,16.749194653790973
164,30.086571824420094,16.767041652908276
165,30.22009777698603,16.78156352604976
166,30.31977186484259,16.781566712204913
167,30.35784530855028,16.781569898360065
168,30.4542394081518,16.797282857484927
169,30.526552239274622,16.797286043640078
170,30.597832656303005,16.797286043640078
171,30.72361342405255,16.797286043640078
172,30.816506776660333,16.861573473407752
173,30.873203302947026,16.87645073649535
174,30.923000770613193,16.88984807353249
175,31.073851401846362,16.90324541056963
176,31.107308978526316,16.957300624497
177,31.19269851229882,16.984828053801248
178,31.35343298565516,17.06453235180303
179,31.38041937493378,17.114094158505562
180,31.4771753982839,17.175012174727637
181,31.595713259928534,17.197436796980718
182,31.768260197602565,17.221672628389747
183,31.8768243121116,17.245908459798773
184,32.09237983511728,17.303268119663336
185,32.30924708766828,17.322712365596644
186,32.39560098635938,17.35199798977793
187,32.50525458485159,17.37485210529171
188,32.54079612448693,17.377932464313325
189,32.69047944559422,17.381012823334945
190,32.840219136920446,17.392686163006616
191,32.876263367538705,17.404359502678286
192,32.948915104217136,17.407439861699906
193,33.061670574481596,17.410520220721523
194,33.23432151032664,17.412003332927135
195,33.26178192501734,17.447008567125586
196,33.366294281484166,17.513164750296315
197,33.41479195275909,17.514647862501928
198,33.45445570155333,17.516130974707544
199,33.46384960932558,17.527110634152535
200,33.55518943913221,17.528593746358148
201,33.694670952572295,17.537987654130394
202,33.783554269543814,17.584288915843207
203,33.94938014568847,17.620608344709968
204,33.979368641999116,17.62061153086512
205,34.06964979669289,17.63298030687087
206,34.27184395709389,17.63298030687087
207,34.34849931266156,17.63298349302602
208,34.45422080636219,17.66718514320673
209,34.56532521886419,17.674742719450915
210,34.63112258167398,17.67622583165653
211,34.70668812102491,17.677708943862143
212,34.78230357122868,17.679192056067755
213,34.95120972258507,17.67919524222291
214,35.00016204846081,17.718286870168548
215,35.12547892658217,17.718290056323703
216,35.1630183239487,17.73478403236215
217,35.16839585364177,17.7347872185173
218,35.239411384610186,17.736270330722913
219,35.35842723719036,17.756047273370225
220,35.43220690870372,17.75753038557584
221,35.51316988717504,17.77785755879395
222,35.62477259307613,17.787251466566197
223,35.64901161064031,17.79664537433844
224,35.75192846029664,17.821018834650864
225,35.77660762261094,17.82102202080602
226,35.94617811918581,17.82102520696117
227,36.033805941942454,17.821028393116322
228,36.13314840841746,17.821031579271473
229,36.2173018242461,17.82251469147709
230,36.22674910446939,17.82399461752755
231,36.356917787273666,17.83248338630354
232,36.421153489379776,17.846709177960264
233,36.54493829779379,17.84978953698188
234,36.66353986028072,17.8528698960035
235,36.740658007776325,17.852873082158652
236,36.76373866883739,17.858250611851723
237,36.78416216966447,17.865228574515946
238,36.83292398925315,17.909872356417118
239,36.90686178648038,17.96701035561149
240,36.99236512466781,18.009833973867313
241,37.10655073712875,18.009833973867313
242,37.12052427402834,18.02357326190188
243,37.179355757253035,18.02517369487304
244,37.31230956506703,18.026774127844195
245,37.418708112509215,18.041768711697337
246,37.45456235895846,18.043369144668496
247,37.51593540346195,18.043369144668496
248,37.53736636297419,18.052432053033016
249,37.583055221669305,18.05403248600417
250,37.64401460729682,18.10802434609509
251,37.77271256957915,18.10802434609509
252,37.84308119284472,18.130325804459765
253,37.843084378999876,18.13781738550475
254,37.93301129496666,18.15221144715592
255,37.96614142996476,18.16660550880709
256,37.999287371182504,18.191892748336237
257,38.14697343679602,18.211664339680475
258,38.21323767063261,18.25461254332808
259,38.23204164407721,18.272177031073575
260,38.28969569243137,18.28915560453543
261,38.30136903210304,18.297751771340636
262,38.32094099390648,18.316884979655946
263,38.35577731056763,18.316884979655946
264,38.40797488917385,18.34156414197024
265,38.444373818844745,18.34156414197024
266,38.628537490391935,18.353708838677125
267,38.70227268132903,18.353712024832276
268,38.703752607379485,18.353715210987428
269,38.78994657733908,18.362311377792633
270,38.84464859599201,18.362314563947784
271,38.892577702594075,18.380805372754487
272,38.9301571267316,18.388296953799472
273,39.00783111924458,18.395788534844453
274,39.07456635744778,18.411873096539487
275,39.239389084904715,18.419364677584472
276,39.3081039757391,18.419367863739623
277,39.3413243655521,18.42096829671078
278,39.40305081597455,18.42097148286593
279,39.441404492204484,18.435302169533262
280,39.44678202189755,18.446208615901398
281,39.485177535551536,18.450106219544004
282,39.57165799720092,18.463523124897872
283,39.810110366075655,18.473042426609133
284,39.85067873391661,18.473045612764285
285,39.900465371724565,18.473048798919436
286,39.92648844965251,18.473051985074587
287,39.94956251536632,18.482951097921593
288,39.97879504672181,18.492473585788
289,39.97879823287696,18.492476771943153
290,39.997885321732205,18.497857487791375
291,40.01376347147167,18.503238203639597
292,40.156503781933885,18.514693383526392
293,40.20578839408583,18.514696569681544
294,40.24372398474968,18.522610551403325
295,40.274141460017425,18.56974093031269
296,40.404643078195065,18.571341363283846
297,40.4787177122029,18.572824475489462
298,40.504237264143676,18.572827661644613
299,40.52176267669878,18.58656694967918
300,40.58046558400732,18.586570135834332
301,40.597059762614414,18.586573321989484
302,40.65971616871715,18.58657650814464
303,40.71707776606125,18.58805962035025
304,40.75847484772211,18.588062806505402
305,40.795697869436715,18.588065992660553
306,40.85132771178439,18.600434768666304
307,40.93027996358266,18.60433237230891
308,41.03466544535405,18.60822997595152
309,41.14992066233029,18.612127579594127
310,41.24831104383087,18.616025183236736
311,41.30224576301369,18.616025183236736
312,41.46527479373575,18.619922786879343
313,41.48327425455248,18.62382039052195
314,41.60093339887776,18.62771799416456
315,41.65339967497722,18.631615597807166
316,41.66976674804406,18.635513201449776
317,41.76462196597569,18.635513201449776
318,41.79573775653388,18.635513201449776
319,41.834955758959346,18.635513201449776
320,41.858590973685764,18.635516387604927
321,41.860074085891384,18.654363634772576
322,41.86804144006421,18.658261238415186
323,41.87193904370682,18.658261238415186
324,41.9665490338553,18.674812541669535
325,42.072632865868925,18.678713331467296
326,42.13304769468833,18.723082664422684
327,42.178324453472634,18.723085850577835
328,42.248499591006095,18.740348480460472
329,42.28844591500012,18.75761111034311
330,42.35555527273441,18.774873740225747
331,42.41664991572364,18.800729350758438
332,42.57794074247658,18.82188958428368
333,42.72148165114246,18.83915221416632
334,42.73397526199159,18.856414844048956
335,42.76895865569456,18.873677473931593
336,42.78436103230617,18.873680660086745
337,42.83634836111854,18.873683846241896
338,42.847241538996514,18.87368703239705
339,42.85998740460278,18.873690218552202
340,42.88035858063821,18.87759100834996
341,42.9021212644162,18.877594194505114
342,42.92097963644638,18.877597380660266
343,42.95679591943531,18.877600566815417
344,43.132379106229756,18.887100300209948
345,43.17314442091904,18.89753338323467
346,43.189062178277354,18.89753338323467
347,43.209121707653864,18.89753338323467
348,43.27522324994622,18.89753338323467
349,43.338295052232496,18.90659310544404
350,43.41927014695022,18.917135939859023
351,43.42946356057143,18.926198848223542
352,43.44160825727831,18.963987212118028
353,43.47140129668797,18.99176325018654
354,43.55021579944751,19.000359416991746
355,43.58530340502454,19.000362603146897
356,43.61433367569864,19.019224161332232
357,43.67826664864022,19.019227347487384
358,43.69063975256866,19.020710459693
359,43.69212286477427,19.02071364584815
360,43.701573331152716,19.02461443564591
361,43.79459364722748,19.02851522544367
362,43.80598283191507,19.03389594129189
363,43.859924666305446,19.037793544934498
364,43.897971742762465,19.04918272962209
365,43.91971315936722,19.06057191430968
366,43.948939605500144,19.078863579603457
367,44.0038342079009,19.082764369401218
368,44.024325990150594,19.08814508524944
369,44.03133483287613,19.12539525762534
370,44.11198470551645,19.130893294239105
371,44.142447648899505,19.147257181150795
372,44.24059170479142,19.151157970948553
373,44.317501701424476,19.151157970948553
374,44.34861298006591,19.1820105185092
375,44.47212286278576,19.183493630714814
376,44.482195769486275,19.188874346563033
377,44.48609337312888,19.19035745876865
378,44.54306901222327,19.19573817461687
379,44.58914158481834,19.195741360772022
380,44.63498606855107,19.21096057485705
381,44.647130765257955,19.214861364654812
382,44.69403440195269,19.228258868513514
383,44.70194519751932,19.22826205466867
384,44.768773099822354,19.22826524082382
385,44.86891274343438,19.22826842697897
386,44.881406354283506,19.228271613134122
387,44.89871656022437,19.24667230561546
388,44.89871974637953,19.25516107439145
389,45.02160825643919,19.256761507362604
390,45.15073643480976,19.258361940333764
391,45.20368032054522,19.25996237330492
392,45.25864680232305,19.261562806276075
393,45.261727161344666,19.26316323924723
394,45.38134521558021,19.264763672218386
395,45.4028619165353,19.266364105189545
396,45.41987279929154,19.2679645381607
397,45.42992545938372,19.267967724315852
398,45.488273332959615,19.267970910471004
399,45.50933323151578,19.267974096626155
400,45.52022640939375,19.26797728278131
401,45.58378578558863,19.269460394986922
402,45.595930482295515,19.270943507192534
403,45.636306854593926,19.27242661939815
404,45.660837923719406,19.273909731603762
405,45.710984410751735,19.275392843809378
406,45.75868395537077,19.28637250325437
407,45.77105591753167,19.287855615459982
408,45.82796202259273,19.329885884140147
409,45.883850239014954,19.329885884140147
410,45.948172395806,19.338945606349515
411,45.96511125707427,19.342025965371132
412,46.03363779856822,19.342029151526283
413,46.04909673378603,19.342032337681438
414,46.07485916684792,19.358431365527004
415,46.11254154349001,19.365337032288345
416,46.114021469540475,19.3653402184435
417,46.20915460267858,19.3653402184435
418,46.24267991082657,19.37283179948848
419,46.33771189375372,19.383264882513203
420,46.366537658197245,19.393697965537925
421,46.46890424644206,19.401189546582906
422,46.5073365056596,19.42023605862135
423,46.576132153388805,19.44331012433516
424,46.58725188807122,19.456055989941422
425,46.6149567417374,19.456059176096574
426,46.72232232785068,19.472426249163416
427,46.74280807096758,19.472429435318567
428,46.81954339292226,19.472432621473722
429,46.84305626567748,19.472435807628873
430,46.85749409698534,19.473918919834485
431,46.91002723445122,19.501472450613278
432,46.91392802424898,19.50147563676843
433,46.94040896236108,19.50147882292358
434,46.9494718707256,19.501482009078735
435,46.979336142454876,19.50308244204989
436,47.049770625422425,19.515230324911926
437,47.06636480402951,19.52737820777396
438,47.13423315711394,19.596712737632927
439,47.16955805801531,19.596712737632927
440,47.23517845511062,19.59671592378808
441,47.26373259710705,19.59671910994323
442,47.27128698719609,19.60372795266876
443,47.33800826779538,19.60373113882391
444,47.415333580947404,19.60373113882391
445,47.470236283301745,19.60373113882391
446,47.523237488970956,19.60373113882391
447,47.55887903283677,19.60373113882391
448,47.62238002746138,19.60373113882391
449,47.67072940823513,19.614624316701885
450,47.68485155937326,19.61852192034449
451,47.696991640604246,19.61852192034449
452,47.70448322164923,19.61852192034449
453,47.72728174734767,19.64214855985098
454,47.798811192129406,19.650741540501034
455,47.82922666582377,19.650741540501034
456,47.84997161042872,19.650741540501034
457,47.86809500572805,19.650741540501034
458,47.89631237928601,19.650741540501034
459,47.89779549149162,19.691237134103297
460,47.92086955720543,19.699830114753347
461,47.92992927941479,19.699830114753347
462,47.95624563018686,19.699830114753347
463,48.02074324388046,19.699830114753347
464,48.03117632690519,19.699830114753347
465,48.05052271997548,19.703727718395957
466,48.06071613359669,19.707625322038563
467,48.078703022018985,19.707625322038563
468,48.106582184111,19.707625322038563
469,48.14956481822769,19.707625322038563
470,48.207629492986214,19.707625322038563
471,48.28856910282298,19.711522925681173
472,48.29246670646559,19.711522925681173
473,48.3127537921158,19.71542052932378
474,48.32066458768243,19.719318132966386
475,48.38033032619742,19.719318132966386
476,48.39770746168081,19.719318132966386
477,48.42567831487514,19.719318132966386
478,48.44218209109182,19.719318132966386
479,48.46025619574938,19.73569910785431
480,48.46185662872053,19.73569910785431
481,48.53722882080878,19.74475883006368
482,48.57948713067017,19.74475883006368
483,48.61653825514536,19.74475883006368
484,48.66228299657971,19.757127606069428
485,48.699720716471845,19.76949638207518
486,48.79919874245223,19.78186834423608
487,48.834154909854774,19.781871530391232
488,48.84675457058765,19.781874716546383
489,48.894557090904314,19.781877902701535
490,48.93028165777524,19.781881088856686
491,48.93725962043946,19.78188427501184
492,48.946706900662754,19.781887461166992
493,48.96044300254217,19.781890647322143
494,48.96192611474778,19.781893833477294
495,48.98886245149079,19.781897019632446
496,49.00183873720425,19.7819002057876
497,49.05107951415079,19.781903391942752
498,49.07812064421924,19.781906578097903
499,49.079600570269704,19.781909764253054
500,49.10892335644009,19.781912950408206
501,49.1357062002943,19.78191613656336
502,49.21530114945192,19.78940771760834
503,49.25842030368857,19.789410903763493
504,49.27079659377215,19.789414089918644
505,49.2707997799273,19.7894172760738
506,49.322185989013676,19.78942046222895
507,49.34778985241997,19.7894236483841
508,49.40265913814552,19.789426834539253
509,49.430085957903366,19.789430020694404
510,49.456196617441144,19.78943320684956
511,49.52922019067465,19.78943639300471
512,49.586114431894515,19.78943957915986
513,49.599166858597314,19.789442765315012
514,49.69045818615569,19.789445951470164
515,49.702606069017726,19.78944913762532
516,49.702606069017726,19.78945232378047
517,49.743263945907955,19.79736630550225
518,49.74474705811357,19.79736630550225
519,49.760815623048465,19.798846231552712
520,49.821373830545426,19.800446664523868
521,49.86730621855479,19.802047097495027
522,49.87830863247166,19.803647530466183
523,49.88836447871899,19.80524796343734
524,49.97593998388341,19.80525114959249
525,49.99451093463056,19.806851582563645
526,50.01285481322192,19.808452015534805
527,50.08269543413833,19.81005244850596
528,50.108527106017426,19.811652881477116
529,50.1297839747152,19.81325331444827
530,50.146147861626886,19.814853747419427
531,50.22289026691095,19.816454180390586
532,50.23833940193832,19.818054613361742
533,50.3169691202131,19.819655046332898
534,50.37030799241243,19.821255479304053
535,50.41321146997946,19.82285591227521
536,50.41469139602992,19.828353948888974
537,50.45267482367829,19.82995438186013
538,50.49169049123008,19.831554814831286
539,50.550216571579234,19.834635173852906
540,50.56011249827108,19.83623560682406
541,50.58791159025839,19.837836039795217
542,50.68994124883413,19.839436472766373
543,50.74114057784709,19.841036905737532
544,50.76491880002149,19.842637338708688
545,50.80387809806886,19.844237771679843
546,50.81885429496722,19.845838204651
547,50.84995532296696,19.847438637622155
548,50.856964165692496,19.849039070593314
549,50.973112511843674,19.85063950356447
550,50.99162009368176,19.866241580753055
551,51.00812386989844,19.88036373189118
552,51.039607198655304,19.894485883029304
553,51.05460178250844,19.90860803416743
554,51.0546049686636,19.922730185305554
555,51.114292518674496,19.93685233644368
556,51.13236662333205,19.93685233644368
557,51.13236662333205,19.93685233644368
558,51.23929713870872,19.93685233644368
559,51.30508828002178,19.93685552259883
560,51.323473038944734,19.948773100407074
561,51.32347622509989,19.965367279014163
562,51.394616292765875,19.96696771198532
563,51.470141429732074,19.968568144956475
564,51.4792043380966,19.968568144956475
565,51.526578548015564,19.968568144956475
566,51.569827043440704,19.97910837262173
567,51.582572909046974,19.989648600286984
568,51.6105101385799,19.999547713133985
569,51.61359049760152,20.001148146105145
570,51.627326599480945,20.00422850512676
571,51.64542121723523,20.005828938097917
572,51.64542440339038,20.007429371069072
573,51.65641555797863,20.00902980404023
574,51.74379262451795,20.010630237011387
575,51.74379262451795,20.013710596033004
576,51.77177893125048,20.01531102900416
577,51.77868459801182,20.01691146197532
578,51.78665195218465,20.01691464813047
579,51.79922885844566,20.024469038219504
580,51.875729534125796,20.03202342830854
581,51.88529732126979,20.033503354359002
582,51.893682914081595,20.040994935403983
583,51.901653454409576,20.04259536837514
584,51.901656640564724,20.076719698662476
585,51.91208972358945,20.076722884817627
586,52.00660678104218,20.08062367461539
587,52.08360643927654,20.084524464413146
588,52.13391041126623,20.084527650568297
589,52.18809849696438,20.08842844036606
590,52.18809849696438,20.08843162652121
591,52.191178855986,20.08843481267636
592,52.20137226960721,20.088437998831516
593,52.205269873249826,20.088441184986667
594,52.2190091612844,20.08844437114182
595,52.27872670647075,20.08844755729697
596,52.33087359052941,20.104872525769572
597,52.33087359052941,20.158022067062667
598,52.33637162714317,20.1732412811477
599,52.337972060114325,20.186980569182268
600,52.33797524626948,20.200719857216836
601,52.352969996944196,20.200723043371987
602,52.446405966314884,20.20072622952714
603,52.446405966314884,20.200729415682293
604,52.47296570423642,20.200732601837444
605,52.480520094325456,20.200735787992596
606,52.52060593029942,20.208293364236784
607,52.52060593029942,20.21585094048097
608,52.53067883699994,20.22488844277562
609,52.58173722495892,20.22878923257338
610,52.584817583980545,20.22879241872853
611,52.64496546576879,20.228795604883683
612,52.656638805440465,20.228798791038834
613,52.658239238411625,20.22880197719399
614,52.76084144526446,20.22880516334914
615,52.76084144526446,20.22880834950429
616,52.81896350917684,20.228811535659442
617,52.84471976477198,20.228814721814594
618,52.856999775071245,20.22881790796975
619,52.88230294815877,20.2288210941249
620,52.89939884238616,20.22882428028005
621,52.91179935960612,20.228827466435202
622,52.968862523614845,20.228830652590354
623,52.97276012725746,20.22883383874551
624,52.98698591891419,20.22883702490066
625,52.99848227857721,20.22884021105581
626,53.027717996087844,20.228843397210962
627,53.04431217469494,20.228846583366114
628,53.05227952886777,20.22884976952127
629,53.07216014739957,20.22885295567642
630,53.09071641684833,20.22885614183157
631,53.10483856798645,20.228859327986722
632,53.12348420872869,20.228862514141873
633,53.14138622933219,20.22886570029703
634,53.213636478652916,20.22886888645218
635,53.25045861403326,20.22887207260733
636,53.25353897305489,20.228875258762482
637,53.269923134097965,20.228878444917633
638,53.28055788320862,20.228881631072788
639,53.28593859905685,20.22888481722794
640,53.28593859905685,20.22888800338309
641,53.292916561721086,20.228891189538242
642,53.31279718025289,20.228894375693393
643,53.316697970050654,20.228897561848548
644,53.37972423607181,20.2289007480037
645,53.38132466904297,20.23038386020931
646,53.386702198736046,20.231866972414927
647,53.463664407521605,20.23335008462054
648,53.49676692386829,20.234833196826152
649,53.50980568480416,20.236316309031768
650,53.53145011490557,20.23779942123738
651,53.54143295453338,20.239282533442996
652,53.577355873414675,20.240765645648608
653,53.616137725325224,20.24224875785422
654,53.6660894451265,20.243731870059836
655,53.686076953015046,20.24521498226545
656,53.756589907836315,20.246698094471064
657,53.760490697634076,20.248181206676676
658,53.780949502635416,20.24966431888229
659,53.808503033414205,20.251147431087904
660,53.81599461445919,20.252630543293517
661,53.89019932441514,20.254113655499133
662,53.95424464222607,20.255596767704745
663,53.965243869987795,20.257079879910357
664,54.005750152226746,20.258562992115973
665,54.02181871716165,20.260046104321585
666,54.03126599738495,20.263126463343205
667,54.06910777023087,20.29276656028636
668,54.115967572693634,20.29436699325752
669,54.12811226940052,20.29436699325752
670,54.174036494795146,20.29437017941267
671,54.190121056490185,20.29437336556782
672,54.27174105326454,20.308495516705946
673,54.2733414862357,20.32272130836267
674,54.2733414862357,20.324204420568286
675,54.30862317983978,20.325687532773898
676,54.31768290204915,20.32716745882436
677,54.334326371298026,20.32864738487482
678,54.354818153547726,20.32864738487482
679,54.375221313976816,20.32864738487482
680,54.38687440704016,20.32864738487482
681,54.41466582113859,20.328650571029975
682,54.45056509003793,20.358243858199394
683,54.46110531770317,20.358247044354545
684,54.47055259792647,20.358250230509697
685,54.480120385070464,20.358253416664848
686,54.48012357122561,20.35825660282
687,54.483203930247235,20.35825660282
688,54.49485702331058,20.35825660282
689,54.53186952255551,20.35825660282
690,54.56438858145297,20.36616739838663
691,54.56586850750343,20.36616739838663
692,54.568948866525055,20.36616739838663
693,54.57650325661409,20.366170584541784
694,54.613325391994444,20.366170584541784
695,54.64064158242509,20.366170584541784
696,54.64961308952054,20.366170584541784
697,54.67702356591836,20.36777101751294
698,54.70442213376125,20.369371450484095
699,54.71381285537834,20.37097188345525
700,54.75757050306481,20.370975069610402
701,54.781472394400645,20.370975069610402
702,54.851633799068985,20.370975069610402
703,54.85163698522414,20.370975069610402
704,54.9166587599067,20.370975069610402
705,54.963732624309216,20.370975069610402
706,55.0537410982983,20.370975069610402
707,55.12948198446983,20.370975069610402
708,55.15178344283451,20.370975069610402
709,55.18008329919472,20.370975069610402
710,55.19690380441317,20.370975069610402
711,55.213397780451615,20.370975069610402
712,55.213397780451615,20.370975069610402
713,55.25076370799267,20.370975069610402
714,55.28958630926818,20.370975069610402
715,55.28958630926818,20.370975069610402
716,55.292666668289804,20.370975069610402
717,55.323888203210245,20.370975069610402
718,55.36138790508073,20.370975069610402
719,55.40077878649108,20.370975069610402
720,55.41974988034239,20.370975069610402
721,55.42772042067037,20.370975069610402
722,55.4419462123271,20.370975069610402
723,55.46087540360001,20.370975069610402
724,55.46087540360001,20.370975069610402
725,55.460878589755154,20.370975069610402
726,55.49243042317936,20.380034791819774
727,55.50188088955781,20.380034791819774
728,55.501884075712965,20.380034791819774
729,55.52497868289616,20.380034791819774
730,55.53505477575184,20.380034791819774
731,55.53813513477346,20.380034791819774
732,55.56819501293599,20.380034791819774
733,55.59903295034578,20.380034791819774
734,55.64926363356936,20.380034791819774
735,55.64926681972452,20.380034791819774
736,55.650749931930136,20.380034791819774
737,55.725158410676116,20.380034791819774
738,55.72663833672658,20.380034791819774
739,55.728118262777045,20.380034791819774
740,55.7281214489322,20.380034791819774
741,55.729601374982664,20.380034791819774
742,55.78717071129296,20.380034791819774
743,55.78717071129296,20.380034791819774
744,55.806994515934775,20.380034791819774
745,55.84660909109907,20.380034791819774
746,55.84809220330469,20.380034791819774
747,55.88161751145268,20.380034791819774
748,55.89215715971252,20.380034791819774
749,55.900750140362575,20.380034791819774
750,55.974703175064086,20.380034791819774
751,55.99605004392913,20.380034791819774
752,56.04320178777029,20.380034791819774
753,56.04320178777029,20.380034791819774
754,56.05116914194313,20.381514717870235
755,56.06975615745863,20.382994643920696
756,56.0752541940724,20.399358530832387
757,56.0955956783082,20.399358530832387
758,56.107508687383394,20.418205778000036
759,56.10898861343386,20.418205778000036
760,56.11998784119559,20.418205778000036
761,56.14525963430151,20.418205778000036
762,56.157635924385104,20.468925204799376
763,56.1921737661152,20.468925204799376
764,56.193656878320816,20.468928390954527
765,56.212582883438564,20.46893157710968
766,56.212582883438564,20.476423158154663
767,56.24984134934817,20.483914739199644
768,56.29112582744169,20.49140632024463
769,56.31568736022162,20.49889790128961
770,56.35511532505684,20.50638948233459
771,56.356715758027995,20.515360989430036
772,56.36061336167061,20.53191229268439
773,56.36061336167061,20.547996854379424
774,56.36967627003513,20.548000040534575
775,56.3834155580697,20.548003226689726
776,56.42581921613991,20.55549480773471
777,56.445699834671714,20.56298638877969
778,56.50988612218911,20.570477969824672
779,56.52078248622223,20.577969550869657
780,56.53417982325938,20.57797273702481
781,56.56194868940478,20.579573169995964
782,56.586439470482745,20.579576356151115
783,56.59440682465557,20.583477145948876
784,56.59600725762673,20.587374749591483
785,56.6290183906125,20.601812580899345
786,56.6290183906125,20.61773033825767
787,56.64820144803095,20.619213450463285
788,56.65575583811999,20.619216636618436
789,56.6596534417626,20.619219822773587
790,56.659656627917755,20.657645302331495
791,56.68195808628243,20.65912841453711
792,56.6928512641604,20.660611526742723
793,56.69982922682463,20.662091452793184
794,56.71220551690823,20.662091452793184
795,56.774817404305466,20.66209463894834
796,56.852967118942885,20.665992242590946
797,56.854567551914045,20.665995428746097
798,56.87929711954969,20.66599861490125
799,56.87929711954969,20.667481727106864
800,56.94594973046443,20.667484913262015
801,56.94743284267005,20.668968025467628
802,56.94743284267005,20.668971211622782
803,56.95658766573024,20.668974397777934
804,56.963490146336426,20.668977583933085
805,56.964973258542045,20.668980770088236
806,56.97294379887003,20.668983956243387
807,56.97294698502518,20.668987142398542
808,57.00629955375847,20.668990328553694
809,57.01727602704832,20.70974189295057
810,57.05874759908831,20.709745079105723
811,57.06034803205947,20.709748265260878
812,57.10121356882043,20.70975145141603
813,57.10121356882043,20.70975145141603
814,57.115335719958544,20.70975463757118
815,57.115335719958544,20.70975463757118
816,57.1153389061137,20.711355070542336
817,57.12283048715868,20.721788153567058
818,57.18363168153196,20.728796996292587
819,57.20874632314398,20.730397429263743
820,57.21034675611513,20.733477788285363
821,57.220422848970806,20.73507822125652
822,57.221905961176425,20.736678654227674
823,57.29254315328103,20.73827908719883
824,57.29792068297411,20.739879520169985
825,57.29792068297411,20.741479953141145
826,57.31214647463084,20.7430803861123
827,57.31522683365247,20.744680819083456
828,57.38327141482172,20.74628125205461
829,57.42229026852867,20.747881685025767
830,57.422293454683825,20.750962044047387
831,57.43234611477601,20.752562477018543
832,57.502968432751075,20.7541629099897
833,57.50297161890622,20.755763342960854
834,57.50297480506138,20.757363775932014
835,57.57641949270724,20.75896420890317
836,57.58547921491661,20.760564641874325
837,57.59822508052288,20.760567828029476
838,57.601305439544504,20.771108055694732
839,57.63558715967362,20.771111241849884
840,57.63866751869524,20.772594354055496
841,57.63866751869524,20.77407746626111
842,57.63866751869524,20.775560578466724
843,57.71696839857285,20.777043690672336
844,57.71696839857285,20.778526802877952
845,57.727511232987844,20.780006728928413
846,57.72751441914299,20.781486654978874
847,57.72911485211415,20.782966581029335
848,57.729118038269306,20.7844465070798
849,57.729118038269306,20.78592643313026
850,57.73071847124046,20.78740635918072
851,57.74010919285755,20.788889471386334
852,57.75101563922569,20.79037258359195
853,57.780325940315905,20.79185569579756
854,57.78983716885368,20.793338808003178
855,57.79131709490415,20.79482192020879
856,57.7913202810593,20.796305032414402
857,57.7913202810593,20.797788144620018
858,57.791323467214454,20.79927125682563
859,57.79280339326492,20.800754369031246
860,57.79280339326492,20.80223748123686
861,57.79428331931539,20.80372059344247
862,57.81314169134557,20.805203705648086
863,57.81863972795934,20.8066868178537
864,57.832433258293804,20.808169930059314
865,57.84193299168834,20.809653042264927
866,57.8435334246595,20.81113615447054
867,57.85407365232474,20.812619266676155
868,57.875082953588596,20.814102378881767
869,57.93347715564831,20.815585491087383
870,57.94286787726541,20.817068603292995
871,57.94434780331587,20.818551715498607
872,58.00258329708866,20.820034827704223
873,58.03508462311696,20.821517939909835
874,58.05642490621816,20.82300105211545
875,58.1029807378034,20.824484164321063
876,58.115125434510276,20.825967276526676
877,58.115125434510276,20.82745038873229
878,58.14183243303838,20.828933500937904
879,58.18930784476464,20.83041661314352
880,58.21119207138499,20.831899725349132
881,58.238312056296934,20.833382837554744
882,58.238312056296934,20.83486594976036
883,58.24783135800819,20.836349061965972
884,58.26032496885732,20.836352248121123
885,58.26422257249993,20.837832174171588
886,58.26422257249993,20.867080966367457
887,58.26422575865509,20.87808338028433
888,58.31519744891521,20.889736473347664
889,58.325832198025864,20.901389566411
890,58.325832198025864,20.91144541265833
891,58.32891255704749,20.921501258905664
892,58.33980573492546,20.931557105152997
893,58.35540781211405,20.941612951400327
894,58.3554109982692,20.941616137555478
895,58.37835511395025,20.941619323710633
896,58.40197886864174,20.941622509865784
897,58.401982054796896,20.941625696020935
898,58.401985240952044,20.941628882176087
899,58.45030455628851,20.941632068331238
900,58.464426707426625,20.941635254486393
901,58.46442989358178,20.941638440641544
902,58.48102407218887,20.941641626796695
903,58.482624505160025,20.941644812951846
904,58.572989426828485,20.941647999106998
905,58.65048124148037,20.941651185262153
906,58.69910525182547,20.941654371417304
907,58.74035067910343,20.941657557572455
908,58.75893450846378,20.941660743727606
909,58.75893769461893,20.941663929882758
910,58.764435731232695,20.943147042088373
911,58.766036164203854,20.944630154293986
912,58.76751609025432,20.9461132664996
913,58.781261219932354,20.946116452654753
914,58.84897269523704,20.946119638809904
915,58.876123106828324,20.946122824965055
916,58.87920346584995,20.946126011120207
917,58.88870319924448,20.94612919727536
918,58.88870638539963,20.946132383430513
919,58.89260398904224,20.946135569585664
920,58.9024999157341,20.946138755740815
921,58.95880385259661,20.946141941895966
922,58.95880385259661,20.94614512805112
923,58.958807038751765,20.946148314206273
924,58.958807038751765,20.946151500361424
925,58.95881022490691,20.946154686516575
926,58.95881022490691,20.946157872671726
927,58.961890583928536,20.94616105882688
928,58.974636449534806,20.946164244982032
929,58.99742199477257,20.946167431137184
930,59.04574263084984,20.946170617292335
931,59.047343063820996,20.95366219833732
932,59.06964452218567,20.9611537793823
933,59.08997169540379,20.96115696553745
934,59.111825983644835,20.96115696553745
935,59.185977258625954,20.961160151692603
936,59.18746037083157,20.971593234717325
937,59.18746355698672,20.982026317742047
938,59.18746355698672,20.99245940076677
939,59.207499752485944,20.992462586921924
940,59.21941276156114,20.992465773077075
941,59.219415947716286,20.992468959232227
942,59.24047584627245,20.992472145387378
943,59.26085020846303,20.99637293518514
944,59.27897360376238,20.99637612134029
945,59.31689027944515,20.99637930749544
946,59.334860995378904,20.996382493650593
947,59.3433497641549,20.996385679805748
948,59.407419843615415,20.9963888659609
949,59.46071555138858,20.99639205211605
950,59.46071873754373,20.99639205211605
951,59.47964474266148,20.99639205211605
952,59.51145458491224,20.99639205211605
953,59.52102237205622,20.99639205211605
954,59.53059015920021,20.99639205211605
955,59.5380817402452,20.99639205211605
956,59.54346245609342,20.99639205211605
957,59.55583556002186,20.99639205211605
958,59.55583556002186,20.99639205211605
959,59.55973634981963,21.021121619751693
960,59.55973953597478,21.021124805906844
961,59.582883460443384,21.021127992062
962,59.61227056020768,21.02113117821715
963,59.62086672701289,21.0211343643723
964,59.6483721505637,21.022734797343457
965,59.6483721505637,21.024335230314612
966,59.66111801616997,21.02593566328577
967,59.665015619812586,21.027536096256927
968,59.71458073640971,21.055378956376856
969,59.71458073640971,21.05697938934801
970,59.731843366292345,21.05697938934801
971,59.73184655244749,21.05697938934801
972,59.74192264530317,21.05697938934801
973,59.76034039733762,21.05697938934801
974,59.77408552701566,21.05697938934801
975,59.77408552701566,21.05697938934801
976,59.77568595998681,21.064470970392996
977,59.810121545817864,21.071962551437977
978,59.8559669410691,21.079454132482958
979,59.8559669410691,21.086945713527943
980,59.861464977682864,21.094437294572923
981,59.87852648050058,21.094437294572923
982,59.87852966665573,21.094437294572923
983,59.881610025677354,21.094437294572923
984,59.89250320355533,21.094437294572923
985,59.89398312960579,21.094437294572923
986,59.895463055656265,21.094437294572923
987,59.90795666650539,21.094437294572923
988,59.90795666650539,21.094437294572923
989,59.909557099476544,21.094437294572923
990,59.91345470311916,21.1309715107156
991,59.930790266750066,21.1309715107156
992,60.061477335966096,21.1309715107156
993,60.061477335966096,21.1309715107156
994,60.061477335966096,21.1309715107156
995,60.10285550104114,21.1309715107156
996,60.102858687196296,21.1309715107156
997,60.102858687196296,21.1309715107156
998,60.10675947699406,21.14046805795498
999,60.120709740728856,21.14996460519436
1000,60.13027752787284,21.15946115243374
1001,60.131757453923306,21.181351714489402
1002,60.131757453923306,21.181354900644557
1003,60.21609445729822,21.181358086799708
1004,60.21609445729822,21.18136127295486
1005,60.23354372252065,21.18136445911001
1006,60.28336444285394,21.201141401757322
1007,60.287265232651706,21.21954209423866
1008,60.287265232651706,21.21954209423866
1009,60.34620912077138,21.21954209423866
1010,60.35010672441399,21.227033675283643
1011,60.354004328056604,21.234525256328624
1012,60.39026494146767,21.234528442483775
1013,60.39186537443883,21.23612887545493
1014,60.39884333710306,21.236132061610085
1015,60.40032644930868,21.236135247765237
1016,60.40032644930868,21.236138433920388
1017,60.40180637535915,21.23614162007554
1018,60.407304411972916,21.23614480623069
1019,60.424292540257284,21.23614480623069
1020,60.437038405863554,21.236147992385845
1021,60.448086119058004,21.236151178540997
1022,60.46594701999639,21.236154364696148
1023,60.46595020615155,21.2361575508513
1024,60.46595020615155,21.23616073700645
1025,60.51486215255795,21.236163923161605
1026,60.51646258552911,21.236167109316757
1027,60.51646258552911,21.236170295471908
1028,60.589776276443686,21.23617348162706
1029,60.63831513689238,21.23617666778221
1030,60.67110895916104,21.236179853937365
1031,60.67258888521151,21.236183040092516
1032,60.70883645646436,21.236186226247668
1033,60.70883645646436,21.23618941240282
1034,60.74237262959406,21.23619259855797
1035,60.74385255564452,21.236195784713125
1036,60.747750159287136,21.236198970868276
1037,60.747750159287136,21.236202157023428
1038,60.75872663257699,21.23620534317858
1039,60.797326943849576,21.23620852933373
1040,60.797326943849576,21.236211715488885
1041,60.82509580999498,21.236214901644036
1042,60.83932160165172,21.245737389510445
1043,60.905810589802,21.2457405756656
1044,60.94644584829655,21.24574376182075
1045,60.94792896050217,21.245746947975903
1046,60.98935251201874,21.245750134131054
1047,60.99954592563995,21.245753320286205
1048,60.999549111795105,21.24575650644136
1049,61.00492664148818,21.24575969259651
1050,61.018665929522754,21.245762878751663
1051,61.02663328369558,21.245766064906814
1052,61.06401337986703,21.245769251061965
1053,61.08286062703468,21.24577243721712
1054,61.08986946976021,21.24577562337227
1055,61.091349395810674,21.245778809527422
1056,61.10091718295466,21.245781995682574
1057,61.10091718295466,21.245785181837725
1058,61.10091718295466,21.247385614808884
1059,61.11236917668631,21.247385614808884
1060,61.13076986916765,21.247385614808884
1061,61.14326348001678,21.247385614808884
1062,61.143266666171925,21.247385614808884
1063,61.14326985232708,21.247385614808884
1064,61.166905067053506,21.247385614808884
1065,61.168505500024665,21.247385614808884
1066,61.179411946392804,21.247385614808884
1067,61.20019225062727,21.247388800964035
1068,61.24076061846822,21.254880382009016
1069,61.24076380462337,21.262371963054
1070,61.288359212276916,21.262375149209152
1071,61.289842324482535,21.262378335364303
1072,61.2937431142803,21.262381521519455
1073,61.31711041623129,21.262381521519455
1074,61.324601997276275,21.262384707674606
1075,61.335035080301,21.262384707674606
1076,61.33503826645615,21.26238789382976
1077,61.3728378562109,21.263988326800916
1078,61.39168510337855,21.265588759772072
1079,61.391688289533704,21.265588759772072
1080,61.39169147568886,21.265591945927223
1081,61.39329190866001,21.273505927649005
1082,61.396372267681635,21.27350911380416
1083,61.40691249534689,21.284049341469412
1084,61.40999285436851,21.306503960787758
1085,61.42004870061585,21.3289585801061
1086,61.46233439055989,21.339498807771356
1087,61.46233439055989,21.339498807771356
1088,61.46623518035765,21.339498807771356
1089,61.467715106408114,21.339501993926508
1090,61.49527044286392,21.33950518008166
1091,61.49527044286392,21.33950836623681
1092,61.5032409831919,21.33951155239196
1093,61.56684160861745,21.339514738547116
1094,61.582551381587166,21.339514738547116
1095,61.60215133146179,21.339514738547116
1096,61.61429602816867,21.339517924702267
1097,61.62519239220179,21.33952111085742
1098,61.62667550440741,21.33952429701257
1099,61.6341670854524,21.33952748316772
1100,61.634170271607545,21.339530669322876
1101,61.669849933319576,21.339533855478027
1102,61.68039016098483,21.33953704163318
1103,61.6992056506662,21.33954022778833
1104,61.80918242231523,21.33954341394348
1105,61.82351310898257,21.339546600098636
1106,61.82499303503304,21.339549786253787
1107,61.863691394561535,21.33955297240894
1108,61.893312496510816,21.33955615856409
1109,61.90522550558601,21.33955934471924
1110,61.92995507322165,21.339562530874396
1111,61.95898853005091,21.339562530874396
1112,61.96599737277644,21.347054111919377
1113,61.979966581753345,21.347057298074528
1114,61.98835217456515,21.347057298074528
1115,61.989832100615615,21.347057298074528
1116,62.013283635672664,21.347057298074528
1117,62.014766747878284,21.347057298074528
1118,62.037638555203934,21.347057298074528
1119,62.05265589352896,21.34706048422968
1120,62.102402804802885,21.34706048422968
1121,62.149100323868026,21.34706048422968
1122,62.149100323868026,21.348540410280144
1123,62.15459836048179,21.350020336330605
1124,62.15460154663695,21.351500262381066
1125,62.176916902314005,21.352980188431527
1126,62.1892931923976,21.354460114481988
1127,62.19089362536876,21.355940040532452
1128,62.194791229011365,21.357419966582913
1129,62.2427040471699,21.358899892633374
1130,62.25370646108678,21.360379818683835
1131,62.28743883973518,21.361859744734296
1132,62.301174941614605,21.38279913636977
1133,62.349582021699895,21.38427906242023
1134,62.349582021699895,21.38575898847069
1135,62.3726560874137,21.387238914521156
1136,62.37265927356886,21.388718840571617
1137,62.372662459724005,21.390198766622078
1138,62.38320268738926,21.39167869267254
1139,62.41857478446842,21.393158618723
1140,62.4239523141615,21.394638544773464
1141,62.42945035077527,21.396118470823925
1142,62.42945353693042,21.397598396874386
1143,62.42945672308557,21.399078322924847
1144,62.448040552445924,21.400558248975308
1145,62.44952047849639,21.402038175025773
1146,62.456422959102575,21.403518101076234
1147,62.45642614525773,21.404998027126695
1148,62.45642614525773,21.406477953177156
1149,62.45642614525773,21.407957879227617
1150,62.46984623676675,21.40943780527808
1151,62.47522376645983,21.410917731328542
1152,62.482715347504815,21.412397657379003
1153,62.557883494031785,21.413877583429464
1154,62.557883494031785,21.415357509479925
1155,62.5617810976744,21.415357509479925
1156,62.59636095122996,21.415357509479925
1157,62.630851812555974,21.415357509479925
1158,62.630851812555974,21.415357509479925
1159,62.630851812555974,21.415357509479925
1160,62.632334924761594,21.41683743553039
1161,62.632334924761594,21.41683743553039
1162,62.64030546508958,21.41683743553039
1163,62.64420306873219,21.41683743553039
1164,62.69954055526178,21.41683743553039
1165,62.699543741416925,21.426890095622568
1166,62.709976824441654,21.42837002167303
1167,62.71387442808426,21.43226762531564
1168,62.7208523907485,21.43226762531564
1169,62.7208523907485,21.43226762531564
1170,62.72475318054626,21.43226762531564
1171,62.73224476159125,21.43226762531564
1172,62.732247947746394,21.43226762531564
1173,62.81597545540959,21.43226762531564
1174,62.81597545540959,21.43226762531564
1175,62.82547518880413,21.43226762531564
1176,62.876483959627,21.43226762531564
1177,62.88186467547523,21.43226762531564
1178,62.88186467547523,21.43226762531564
1179,62.899127305357865,21.43226762531564
1180,62.91297600741408,21.43226762531564
1181,62.91297600741408,21.474424462063713
1182,62.91297600741408,21.475904388114174
1183,62.914455933464545,21.475904388114174
1184,62.9144591196197,21.475904388114174
1185,62.93520406422465,21.475904388114174
1186,62.94311804594643,21.475904388114174
1187,62.947015649589034,21.475904388114174
1188,62.985441129146956,21.475904388114174
1189,62.996347575515095,21.475904388114174
1190,63.034536707305165,21.475904388114174
1191,63.04703031815429,21.475904388114174
1192,63.04703031815429,21.475904388114174
1193,63.05746340117902,21.475904388114174
1194,63.07384756222209,21.475904388114174
1195,63.07922509191517,21.475904388114174
1196,63.07922827807032,21.475904388114174
1197,63.09493805104004,21.475904388114174
1198,63.09494123719519,21.477384314164635
1199,63.09494442335034,21.478864240215096
1200,63.10548725776533,21.478864240215096
1201,63.136874367060386,21.478864240215096
1202,63.20947483432493,21.478864240215096
1203,63.209478020480084,21.478864240215096
1204,63.216969601525065,21.478864240215096
1205,63.224940141853054,21.478864240215096
1206,63.224940141853054,21.478864240215096
1207,63.226540574824206,21.48034416626556
1208,63.24066272596233,21.48182409231602
1209,63.24226315893348,21.483304018366482
1210,63.271499814423045,21.484783944416943
1211,63.328546959358754,21.486263870467404
1212,63.328546959358754,21.48774379651787
1213,63.328546959358754,21.48774379651787
1214,63.4396772449781,21.48774379651787
1215,63.445175281591865,21.48774379651787
1216,63.445175281591865,21.48774379651787
1217,63.4546750149864,21.48922372256833
1218,63.454678201141554,21.49070364861879
1219,63.45775856016318,21.49070364861879
1220,63.45923848621364,21.49976337082816
1221,63.48802200728503,21.508823093037527
1222,63.4895019333355,21.5178828152469
1223,63.49098185938597,21.526942537456268
1224,63.490985045541116,21.536002259665636
1225,63.49406540456274,21.545061981875005
1226,63.49714576358436,21.554121704084373
1227,63.49714576358436,21.563181426293745
1228,63.53623739153001,21.563181426293745
1229,63.53771731758047,21.563181426293745
1230,63.53772050373563,21.563181426293745
1231,63.53772050373563,21.563181426293745
1232,63.53772050373563,21.563181426293745
1233,63.55965923478743,21.563181426293745
1234,63.5611391608379,21.563181426293745
1235,63.565039950635665,21.563181426293745
1236,63.59698282006919,21.563181426293745
1237,63.598465932274806,21.563181426293745
1238,63.598465932274806,21.56707902993635
1239,63.60643647260279,21.570976633578958
1240,63.60951683162441,21.574874237221568
1241,63.60951683162441,21.578771840864174
1242,63.60951683162441,21.582669444506784
1243,63.621479082750184,21.582669444506784
1244,63.63213923793071,21.582669444506784
1245,63.63214242408586,21.582669444506784
1246,63.662584365906504,21.582669444506784
1247,63.6854933695775,21.582669444506784
1248,63.70526712606966,21.582669444506784
1249,63.74902439578889,21.582669444506784
1250,63.75452243240265,21.582669444506784
1251,63.75600554460827,21.582669444506784
1252,63.8072380193783,21.582669444506784
1253,63.80883845234946,21.582669444506784
1254,63.80883845234946,21.582669444506784
1255,63.81675243407123,21.582669444506784
1256,63.81675562022639,21.582669444506784
1257,63.81823873243201,21.582669444506784
1258,63.83770138417217,21.582669444506784
1259,63.839181310222635,21.582669444506784
1260,63.914965165505976,21.592188746218042
1261,63.91496835166113,21.592188746218042
1262,63.91645146386675,21.609006065281335
1263,63.91793457607237,21.609006065281335
1264,63.92801066892804,21.609006065281335
1265,63.9631529467052,21.609006065281335
1266,63.997130105995176,21.609006065281335
1267,63.997130105995176,21.609006065281335
1268,63.998730538966335,21.609006065281335
1269,64.00779344733085,21.62274216716075
1270,64.00779663348601,21.62274216716075
1271,64.01571061520778,21.62274216716075
1272,64.01961140500555,21.62274216716075
1273,64.02109451721117,21.62274216716075
1274,64.06890096673283,21.62274216716075
1275,64.07038407893845,21.62274216716075
1276,64.0703872650936,21.62274216716075
1277,64.07039045124876,21.62274216716075
1278,64.0789834318988,21.62274216716075
1279,64.11918339978816,21.62274216716075
1280,64.12066651199378,21.62274216716075
1281,64.14255073861412,21.62274216716075
1282,64.17671760578585,21.62274216716075
1283,64.18209832163409,21.62274216716075
1284,64.21986434848998,21.62274216716075
1285,64.2213474606956,21.62274216716075
1286,64.23326046977078,21.62274216716075
1287,64.28955790694435,21.62274216716075
1288,64.28956109309951,21.62274216716075
1289,64.28956109309951,21.62274216716075
1290,64.28956109309951,21.62274216716075
1291,64.3005407525445,21.62274216716075
1292,64.3339919930696,21.635780928096622
1293,64.33707235209123,21.635780928096622
1294,64.35459776464634,21.635780928096622
1295,64.36513741290618,21.635780928096622
1296,64.36673784587734,21.642683408702812
1297,64.38411498136072,21.644163334753273
1298,64.40195879432288,21.644163334753273
1299,64.40196198047803,21.644163334753273
1300,64.40945356152301,21.64806093839588
1301,64.41483427737124,21.64806093839588
1302,64.4164347103424,21.64806093839588
1303,64.42033231398501,21.64806093839588
1304,64.45227518341854,21.64806093839588
1305,64.45227836957369,21.64806093839588
1306,64.45227836957369,21.64806093839588
1307,64.45376148177931,21.64806093839588
1308,64.49344871305682,21.64806093839588
1309,64.53811550784302,21.64806093839588
1310,64.54566989793206,21.64806093839588
1311,64.55316147897705,21.64806093839588
1312,64.5570622687748,21.64806093839588
1313,64.5570622687748,21.64806093839588
1314,64.55854538098042,21.64806093839588
1315,64.55854538098042,21.64806093839588
1316,64.5888124837077,21.64806093839588
1317,64.59924556673244,21.655615328484917
1318,64.60072867893805,21.655615328484917
1319,64.6102479806493,21.655615328484917
1320,64.61173109285492,21.6744737005151
1321,64.65150824158843,21.6744737005151
1322,64.65906263167747,21.675953626565562
1323,64.66812554004198,21.677433552616023
1324,64.66812554004198,21.678913478666484
1325,64.6696086522476,21.678913478666484
1326,64.66961183840276,21.678913478666484
1327,64.73256571654846,21.678913478666484
1328,64.73256890270362,21.678913478666484
1329,64.76516704930556,21.678913478666484
1330,64.76516704930556,21.678913478666484
1331,64.76824740832718,21.678913478666484
1332,64.81580659368242,21.678913478666484
1333,64.81580659368242,21.678913478666484
1334,64.84672513644227,21.678913478666484
1335,64.84672513644227,21.678913478666484
1336,64.84672832259743,21.678913478666484
1337,64.8546423043192,21.678913478666484
1338,64.8546423043192,21.678913478666484
1339,64.8765233447844,21.678913478666484
1340,64.8765233447844,21.678913478666484
1341,64.87812377775556,21.678913478666484
1342,64.88603775947733,21.678913478666484
1343,64.88604094563249,21.691282254672235
1344,64.89743013032009,21.70365103067798
1345,64.89743331647523,21.70365103067798
1346,64.89891642868085,21.712710752887354
1347,64.90797933704538,21.733081928922786
1348,64.90798252320053,21.733081928922786
1349,64.92691171447343,21.733081928922786
1350,64.92691171447343,21.733081928922786
1351,64.93745194213868,21.734561854973247
1352,64.97552259883868,21.736041781023708
1353,64.97552259883868,21.737521707074173
1354,65.03856512911294,21.737521707074173
1355,65.0400450551634,21.737521707074173
1356,65.06285124211658,21.74141931071678
1357,65.07034282316155,21.745316914359385
1358,65.08271478532245,21.749214518001995
1359,65.09656667353383,21.7531121216446
1360,65.1056263957432,21.753115307799753
1361,65.11100711159142,21.753118493954908
1362,65.11100711159142,21.75312168011006
1363,65.11100711159142,21.75312168011006
1364,65.11100711159142,21.75312168011006
1365,65.12760129019851,21.75312168011006
1366,65.19206704589969,21.75312168011006
1367,65.2571475973757,21.75312168011006
1368,65.28206822061146,21.75312168011006
1369,65.28207140676662,21.75312168011006
1370,65.31253435014966,21.75312168011006
1371,65.31401427620014,21.75312168011006
1372,65.31401427620014,21.75312168011006
1373,65.32150585724511,21.75312168011006
1374,65.34225080185007,21.75312168011006
1375,65.36698036948572,21.75312168011006
1376,65.36846348169134,21.75312168011006
1377,65.36994659389696,21.75312168011006
1378,65.37302695291858,21.75312168011006
1379,65.39958987699526,21.75312168011006
1380,65.40107298920088,21.75312168011006
1381,65.40255291525135,21.75312168011006
1382,65.40403284130181,21.75312168011006
1383,65.41355532916823,21.75312168011006
1384,65.42353816879604,21.75312168011006
1385,65.43407839646129,21.75312168011006
1386,65.43715875548291,21.75312168011006
1387,65.49083496730074,21.75312168011006
1388,65.5102976190409,21.75312168011006
1389,65.51030080519605,21.75312168011006
1390,65.51030080519605,21.75312168011006
1391,65.51030399135121,21.76013052283559
1392,65.52037689805172,21.767139365561114
1393,65.52037689805172,21.76714255171627
1394,65.52427768784949,21.768742984687425
1395,65.52576080005511,21.77034341765858
1396,65.56441752517028,21.771943850629736
1397,65.56441752517028,21.771943850629736
1398,65.57447337141761,21.771947036784887
1399,65.57447655757277,21.771950222940042
1400,65.59737009183473,21.771953409095193
1401,65.5988500178852,21.771956595250344
1402,65.61258611976461,21.773436521300805
1403,65.64382598796571,21.774916447351266
1404,65.65584614168144,21.777996806372887
1405,65.65584932783659,21.777996806372887
1406,65.65585251399173,21.777996806372887
1407,65.65893287301336,21.777996806372887
1408,65.66642445405834,21.777996806372887
1409,65.6664276402135,21.777996806372887
1410,65.66643082636865,21.777999992528038
1411,65.67181154221689,21.77800317868319
1412,65.70875709572434,21.77800636483834
1413,65.77045305275283,21.778009550993495
1414,65.77045623890798,21.77960998396465
1415,65.77205667187914,21.77960998396465
1416,65.77205667187914,21.77960998396465
1417,65.77513703090077,21.77960998396465
1418,65.78310757122874,21.77960998396465
1419,65.7831107573839,21.779613170119802
1420,65.85150523170378,21.779616356274953
1421,65.85150523170378,21.790049439299676
1422,65.85310566467493,21.790049439299676
1423,65.85310566467493,21.790049439299676
1424,65.86059724571992,21.79164987227083
1425,65.87296920788081,21.79325030524199
1426,65.88253699502481,21.794850738213146
1427,65.92326413332596,21.7964511711843
1428,65.95870750211604,21.798051604155457
1429,65.9842816469858,21.799652037126613
1430,66.03033349005783,21.801252470097772
1431,66.03193392302899,21.802852903068928
1432,66.0702694745045,21.805933262090544
1433,66.0948024380554,21.8075336950617
1434,66.13669893289496,21.80913412803286
1435,66.13817885894542,21.810734561004015
1436,66.13965878499589,21.81233499397517
1437,66.1511551446589,21.813935426946326
1438,66.1511551446589,21.815535859917482
1439,66.15423550368052,21.81713629288864
1440,66.15571861588614,21.818736725859797
1441,66.17210277692922,21.820337158830952
1442,66.18848693797229,21.821937591802108
1443,66.18849012412744,21.823538024773264
1444,66.18849012412744,21.825138457744423
1445,66.1900905570986,21.82673889071558
1446,66.1900905570986,21.82674207687073
1447,66.20348806095731,21.82674526302588
1448,66.20349124711245,21.826748449181032
1449,66.21429451751641,21.826751635336187
1450,66.22419363036342,21.826751635336187
1451,66.23325653872794,21.82675482149134
1452,66.23325972488308,21.82675800764649
1453,66.24123026521107,21.828358440617645
1454,66.29188251595161,21.828358440617645
1455,66.29738055256539,21.828361626772796
1456,66.29738055256539,21.828361626772796
1457,66.30683101894383,21.828361626772796
1458,66.30683101894383,21.828361626772796
1459,66.30683420509898,21.82836481292795
1460,66.30683420509898,21.828367999083103
1461,66.30683739125413,21.828371185238254
1462,66.30683739125413,21.84249333637638
1463,66.3294743646747,21.84249652253153
1464,66.34321365270927,21.84249970868668
1465,66.34469676491489,21.84249970868668
1466,66.34469995107004,21.842502894841836
1467,66.35329293172009,21.842506080996987
1468,66.35329293172009,21.84250926715214
1469,66.35329293172009,21.84251245330729
1470,66.35489336469125,21.84251563946244
1471,66.35637647689687,21.842518825617596
1472,66.35637966305202,21.842522011772747
1473,66.35638284920717,21.8425251979279
1474,66.35638603536232,21.84400831013351
1475,66.35786596141278,21.845491422339126
1476,66.35946639438394,21.84697453454474
1477,66.42869902241301,21.848457646750354
1478,66.47650472888483,21.849940758955967
1479,66.47650472888483,21.85142387116158
1480,66.50240500548401,21.852906983367195
1481,66.50240819163916,21.854390095572807
1482,66.50389130384478,21.855873207778423
1483,66.52027546488786,21.857356319984035
1484,66.52027865104301,21.858839432189647
1485,66.52027865104301,21.860322544395263
1486,66.53772473011028,21.861805656600875
1487,66.53772473011028,21.86328876880649
1488,66.58870250667346,21.864771881012103
1489,66.59773682281296,21.866254993217716
1490,66.59773682281296,21.86773810542333
1491,66.59921993501858,21.869221217628944
1492,66.6007030472242,21.87070432983456
1493,66.6516317238512,21.872187442040172
1494,66.65311164990166,21.873670554245784
1495,66.65311164990166,21.8751536664514
1496,66.65311164990166,21.876636778657012
1497,66.65311483605682,21.878119890862628
1498,66.65311802221197,21.87812307701778
1499,66.68373096323339,21.87812626317293
1500,66.71678569275785,21.878129449328082
1501,66.73821983842525,21.878132635483233
1502,66.75707821045543,21.878135821638388
1503,66.76982407606171,21.87813900779354
1504,66.77130718826733,21.87814219394869
1505,66.78542933940545,21.87814538010384
1506,66.78542933940545,21.878148566258993
1507,66.7854325255606,21.878151752414148
1508,66.80905916506708,21.8781549385693
1509,66.82192827580515,21.87815812472445
1510,66.83467414141141,21.8781613108796
1511,66.83467732756657,21.878164497034753
1512,66.83615725361703,21.878167683189908
1513,66.83615725361703,21.87817086934506
1514,66.87310280712448,21.87817405550021
1515,66.8761831661461,21.87817724165536
1516,66.88832786285299,21.878180427810513
1517,66.88833104900814,21.878180427810513
1518,66.8922318388059,21.878180427810513
1519,66.9008280056111,21.878180427810513
1520,66.9008280056111,21.878180427810513
1521,66.90230793166157,21.878183613965668
1522,66.90620553530418,21.878183613965668
1523,66.90620872145934,21.878183613965668
1524,66.90769183366496,21.87966354001613
1525,66.91077219268658,21.882743899037745
1526,66.9122553048922,21.885824258059365
1527,66.91225849104735,21.888904617080982
1528,66.91226167720251,21.8919849761026
1529,66.91226167720251,21.893468088308214
1530,66.91226486335765,21.893471274463366
1531,66.93144792077611,21.893471274463366
1532,66.93144792077611,21.893471274463366
1533,66.9410157079201,21.893471274463366
1534,66.9410157079201,21.900480117188895
1535,66.98040658933044,21.900483303344046
1536,67.01002769127973,21.9090762839941
1537,67.01002769127973,21.9090762839941
1538,67.01002769127973,21.9090762839941
1539,67.01003087743489,21.9090762839941
1540,67.01003406359004,21.9090762839941
1541,67.01003724974518,21.9090762839941
1542,67.01004043590034,21.9090762839941
1543,67.01004362205549,21.91055621004456
1544,67.02426941371223,21.912039322250173
1545,67.02427259986737,21.912039322250173
1546,67.03223995404021,21.912039322250173
1547,67.09945756885199,21.924184018957057
1548,67.11137057792718,21.92566394500752
1549,67.12191341234217,21.96587213414891
1550,67.14380149005918,21.96735206019937
1551,67.2444126949399,21.968835172404987
1552,67.24979341078813,21.98074818148017
1553,67.24979341078813,21.991181264504892
1554,67.26253927639439,21.991181264504892
1555,67.27947813766268,21.991181264504892
1556,67.32968130938914,21.991181264504892
1557,67.32968130938914,21.991181264504892
1558,67.34472728052317,21.991181264504892
1559,67.34632771349433,21.991181264504892
1560,67.38441828578321,21.991181264504892
1561,67.38441828578321,21.991181264504892
1562,67.39854043692134,21.991181264504892
1563,67.4024412267191,21.991181264504892
1564,67.4024412267191,21.991181264504892
1565,67.40392115276957,21.991181264504892
1566,67.41251413341962,21.9950788681475
1567,67.42349060670946,21.9950788681475
1568,67.43208677351467,21.9950788681475
1569,67.43208995966982,21.9950788681475
1570,67.43356988572029,21.9950788681475
1571,67.47042869730049,21.9950788681475
1572,67.47580941314872,21.9950788681475
1573,67.48525987952718,21.9950788681475
1574,67.48526306568233,21.9950788681475
1575,67.51691178274486,21.9950788681475
1576,67.51839489495048,21.9950788681475
1577,67.51839808110563,21.9950788681475
1578,67.5198780071561,21.9950788681475
1579,67.53410379881282,21.9950788681475
1580,67.54325862187302,21.9950788681475
1581,67.59446773531825,21.9950788681475
1582,67.59446773531825,21.9950788681475
1583,67.59446773531825,21.9950788681475
1584,67.60683969747915,21.9950788681475
1585,67.61737992514439,21.9950788681475
1586,67.63111602702381,21.9950788681475
1587,67.63419638604543,21.9950788681475
1588,67.64279255285064,21.998976471790108
1589,67.64279573900579,21.998976471790108
1590,67.66422988467319,21.998976471790108
1591,67.66422988467319,21.998976471790108
1592,67.72160528569879,21.998976471790108
1593,67.73117307284278,21.998976471790108
1594,67.7796571915345,21.998976471790108
1595,67.78125762450566,21.998976471790108
1596,67.8017879664865,21.998976471790108
1597,67.80486832550812,21.998976471790108
1598,67.80487151166328,21.998976471790108
1599,67.80487151166328,21.998976471790108
1600,67.85204350608784,21.998976471790108
1601,67.852046692243,21.998976471790108
1602,67.852046692243,21.998976471790108
1603,67.86843085328607,21.998976471790108
1604,67.87932403116403,21.998976471790108
1605,67.9533847242561,21.998976471790108
1606,67.96392495192136,21.998976471790108
1607,67.96700531094298,21.998976471790108
1608,67.96848523699344,21.998976471790108
1609,67.96848523699344,21.998976471790108
1610,67.96848523699344,21.998976471790108
1611,67.96848523699344,21.998976471790108
1612,67.99652490096545,21.998976471790108
1613,67.99652490096545,21.998976471790108
1614,68.05681796521901,22.008473019029488
1615,68.05682115137417,22.008473019029488
1616,68.05682115137417,22.008473019029488
1617,68.05682433752932,22.008473019029488
1618,68.09748221441956,22.008473019029488
1619,68.0974854005747,22.008473019029488
1620,68.0974854005747,22.008473019029488
1621,68.0974854005747,22.008473019029488
1622,68.0974854005747,22.008473019029488
1623,68.09896532662518,22.008473019029488
1624,68.09896532662518,22.008473019029488
1625,68.09896532662518,22.008473019029488
1626,68.10841579300362,22.008473019029488
1627,68.11231339664623,22.008473019029488
1628,68.11231339664623,22.008473019029488
1629,68.11231658280138,22.008473019029488
1630,68.11379650885185,22.008473019029488
1631,68.11379650885185,22.008473019029488
1632,68.11687686787347,22.00847620518464
1633,68.11687686787347,22.00847939133979
1634,68.15062710148425,22.00848257749494
1635,68.16152027936222,22.008485763650093
1636,68.17801106924551,22.008488949805248
1637,68.18501991197104,22.0084921359604
1638,68.1866203449422,22.00849532211555
1639,68.20768024349836,22.00849532211555
1640,68.2426143441069,22.0084985082707
1641,68.26624098361339,22.008501694425853
1642,68.27998027164796,22.008504880581008
1643,68.28158070461912,22.008504880581008
1644,68.29394948062486,22.00850806673616
1645,68.29543259283048,22.00851125289131
1646,68.2969157050361,22.00851443904646
1647,68.29691889119125,22.008517625201613
1648,68.31065499307067,22.008520811356767
1649,68.31065499307067,22.00852399751192
1650,68.33709185076343,22.00852399751192
1651,68.3927047133889,22.00852399751192
1652,68.3927047133889,22.00852399751192
1653,68.45193531622233,22.00852399751192
1654,68.45193531622233,22.00852399751192
1655,68.45193850237749,22.00852718366707
1656,68.4630582370599,22.00853036982222
1657,68.46306142321505,22.008533555977372
1658,68.46306142321505,22.008533555977372
1659,68.46454134926552,22.008533555977372
1660,68.46454134926552,22.008533555977372
1661,68.46602446147114,22.008533555977372
1662,68.46910482049276,22.008533555977372
1663,68.46910482049276,22.008533555977372
1664,68.48813088416753,22.008533555977372
1665,68.48973131713869,22.008533555977372
1666,68.48973450329385,22.008533555977372
1667,68.48973450329385,22.01013398894853
1668,68.489737689449,22.011734421919687
1669,68.49664335621034,22.013334854890843
1670,68.50413493725532,22.013334854890843
1671,68.52671271698692,22.013338041045994
1672,68.56478018753177,22.013341227201146
1673,68.60172574103922,22.0133444133563
1674,68.60332617401038,22.01334759951145
1675,68.62947741259066,22.013350785666603
1676,68.6294805987458,22.013353971821754
1677,68.63256095776742,22.013357157976905
1678,68.63416139073858,22.01336034413206
1679,68.63416457689374,22.01336034413206
1680,68.6356445029442,22.01336034413206
1681,68.65142120545644,22.01336034413206
1682,68.71973973287173,22.01336034413206
1683,68.71974291902688,22.01336034413206
1684,68.71974610518204,22.01336034413206
1685,68.71974610518204,22.01336034413206
1686,68.72931389232602,22.01336034413206
1687,68.73239425134764,22.01336034413206
1688,68.7323974375028,22.01336034413206
1689,68.73240062365795,22.01336034413206
1690,68.73240062365795,22.01336034413206
1691,68.84101472107763,22.01336034413206
1692,68.84409508009925,22.01336034413206
1693,68.84409508009925,22.01336034413206
1694,68.8615075083661,22.01336034413206
1695,68.87262724304853,22.01336034413206
1696,68.8805977833765,22.01336034413206
1697,68.8805977833765,22.01336034413206
1698,68.88060096953166,22.01336034413206
1699,68.92791645191217,22.01336034413206
1700,68.9782981491125,22.01336034413206
1701,68.9782981491125,22.01336034413206
1702,68.9782981491125,22.01336034413206
1703,68.97978126131812,22.01336034413206
1704,68.99703788988083,22.01336034413206
1705,68.99703788988083,22.01336034413206
1706,69.02825942480126,22.01336034413206
1707,69.02826261095642,22.01336034413206
1708,69.03892276613695,22.01336034413206
1709,69.04040587834257,22.01336034413206
1710,69.04040906449771,22.01336034413206
1711,69.0562689192661,22.01336034413206
1712,69.05627210542124,22.01336034413206
1713,69.05627210542124,22.01336034413206
1714,69.05775521762686,22.01336034413206
1715,69.06524679867185,22.02242006634143
1716,69.06684723164301,22.06776686420057
1717,69.06685041779816,22.06776686420057
1718,69.077390066058,22.06776686420057
1719,69.077390066058,22.06776686420057
1720,69.07899049902916,22.06776686420057
1721,69.15057199472518,22.06776686420057
1722,69.16002246110364,22.06776686420057
1723,69.16991838779549,22.06776686420057
1724,69.16992157395063,22.06776686420057
1725,69.16992476010579,22.07682977256509
1726,69.1714078723114,22.076832958720242
1727,69.17141105846656,22.076832958720242
1728,69.17141424462172,22.076832958720242
1729,69.20413085271812,22.076836144875394
1730,69.21456393574286,22.07683933103055
1731,69.22475734936407,22.0768425171857
1732,69.2708596471671,22.07684570334085
1733,69.27394000618872,22.076848889496002
1734,69.27554043915987,22.076852075651153
1735,69.27944122895764,22.07685526180631
1736,69.2809211550081,22.07685844796146
1737,69.29181751904123,22.07686163411661
1738,69.29182070519639,22.076864820271762
1739,69.32770970550132,22.076868006426913
1740,69.32931013847248,22.087301089451636
1741,69.3307932506781,22.087301089451636
1742,69.3307932506781,22.08730427560679
1743,69.3307932506781,22.08730746176194
1744,69.33835082692228,22.087310647917093
1745,69.3398339391279,22.087313834072244
1746,69.39088216793064,22.087317020227395
1747,69.43729277416335,22.08732020638255
1748,69.43889320713451,22.0873233925377
1749,69.44748618778456,22.087326578692853
1750,69.45545672811255,22.087329764848004
1751,69.45693665416302,22.087329764848004
1752,69.45693984031817,22.087329764848004
1753,69.45693984031817,22.087329764848004
1754,69.45842295252379,22.087329764848004
1755,69.45842613867894,22.087332951003155
1756,69.51097145508393,22.087332951003155
1757,69.51097145508393,22.087332951003155
1758,69.51097145508393,22.087332951003155
1759,69.51097145508393,22.087332951003155
1760,69.51097464123907,22.087332951003155
1761,69.51097782739423,22.087332951003155
1762,69.52549970053572,22.087332951003155
1763,69.56689678219658,22.087332951003155
1764,69.56689996835173,22.087332951003155
1765,69.57892012206744,22.087332951003155
1766,69.58040004811792,22.087332951003155
1767,69.58040323427306,22.087332951003155
1768,69.58430083791568,22.087332951003155
1769,69.58819844155829,22.087332951003155
1770,69.58979887452945,22.08733613715831
1771,69.5936996643272,22.08733932331346
1772,69.59517959037768,22.088939756284617
1773,69.60469889208893,22.090540189255773
1774,69.60629932506009,22.090540189255773
1775,69.60630251121525,22.09214062222693
1776,69.60778243726571,22.093741055198088
1777,69.60778562342087,22.09374424135324
1778,69.61821870644559,22.09374742750839
1779,69.62359623613867,22.09375061366354
1780,69.62359942229382,22.093753799818693
1781,69.62359942229382,22.093756985973847
1782,69.62359942229382,22.093760172129
1783,69.63920149948241,22.09376335828415
1784,69.65858344613638,22.0937665444393
1785,69.65858344613638,22.095249656644917
1786,69.65858344613638,22.09525284280007
1787,69.65858344613638,22.09525602895522
1788,69.660066558342,22.107403911817254
1789,69.660066558342,22.107407097972406
1790,69.71186533636802,22.10741028412756
1791,69.75233706568079,22.10741347028271
1792,69.75233706568079,22.107416656437863
1793,69.75234025183595,22.107419842593014
1794,69.75234025183595,22.107423028748165
1795,69.76425464348904,22.10742621490332
1796,69.7642578296442,22.10742621490332
1797,69.76573775569466,22.10742621490332
1798,69.76722086790028,22.10742621490332
1799,69.76722405405543,22.10742621490332
1800,69.76882448702659,22.10742621490332
1801,69.77030759923221,22.10742621490332
1802,69.77030759923221,22.10742621490332
1803,69.77190803220336,22.10742621490332
1804,69.77190803220336,22.10742621490332
1805,69.77339114440898,22.10742621490332
1806,69.77339433056413,22.10742621490332
1807,69.82120003703595,22.10742621490332
1808,69.83316547431687,22.128697589257808
1809,69.83464540036735,22.128697589257808
1810,69.89759927851306,22.128697589257808
1811,69.91568880640249,22.12870077541296
1812,69.91876916542411,22.128703961568114
1813,69.92184952444573,22.128707147723265
1814,69.93911215432837,22.128710333878416
1815,69.93911534048353,22.128713520033568
1816,69.94918824718404,22.1382132534281
1817,69.98963220575382,22.139696365633714
1818,69.99111213180429,22.139699551788866
1819,69.99661016841806,22.139702737944017
1820,69.99661335457321,22.139705924099168
1821,70.00704643759794,22.139709110254323
1822,70.00704643759794,22.139712296409474
1823,70.0456497448296,22.139715482564625
1824,70.04955053462737,22.139718668719777
1825,70.0615706883431,22.139721854874928
1826,70.06317112131424,22.139725041030083
1827,70.07895100998164,22.139728227185234
1828,70.07895100998164,22.139731413340385
1829,70.07895419613678,22.139734599495537
1830,70.12430418015109,22.139737785650688
1831,70.12430736630623,22.139740971805843
1832,70.1333670885156,22.139744157960994
1833,70.1333670885156,22.139747344116145
1834,70.13337027467075,22.139747344116145
1835,70.14749242580888,22.139750530271296
1836,70.14749242580888,22.139750530271296
1837,70.14897235185934,22.139750530271296
1838,70.1505727848305,22.139750530271296
1839,70.15205271088097,22.139750530271296
1840,70.15353582308659,22.139750530271296
1841,70.15353582308659,22.139750530271296
1842,70.1550189352922,22.139750530271296
1843,70.18709164238295,22.139750530271296
1844,70.18709482853811,22.139750530271296
1845,70.18709482853811,22.139750530271296
1846,70.26702667803724,22.139750530271296
1847,70.2779198559152,22.139753716426448
1848,70.2981659296286,22.139753716426448
1849,70.31239172128534,22.139753716426448
1850,70.31239172128534,22.139756902581603
1851,70.34574429001863,22.139756902581603
1852,70.34964507981638,22.139756902581603
1853,70.40500199022209,22.14513443227467
1854,70.41037951991517,22.14513443227467
1855,70.41197995288633,22.14513443227467
1856,70.41198313904148,22.14513443227467
1857,70.41198632519664,22.14513443227467
1858,70.41198632519664,22.14513443227467
1859,70.42037191800844,22.14513443227467
1860,70.43091214567369,22.14513443227467
1861,70.44145179393352,22.14513443227467
1862,70.45199144219336,22.14513443227467
1863,70.45199462834852,22.14513443227467
1864,70.4594862093935,22.14513443227467
1865,70.46338699919127,22.14513443227467
1866,70.47135435336409,22.14513443227467
1867,70.47283746556971,22.14513443227467
1868,70.48199228862991,22.14513443227467
1869,70.48199228862991,22.14513443227467
1870,70.48588989227252,22.14513443227467
1871,70.4933814733175,22.14513443227467
1872,70.49486458552312,22.14513443227467
1873,70.49486458552312,22.14513443227467
1874,70.49646501849428,22.152688822363707
1875,70.49806545146544,22.16024321245274
1876,70.53708430517239,22.194002867701446
1877,70.53708430517239,22.20155725779048
1878,70.53868473814354,22.209111647879517
1879,70.5386879242987,22.21666603796855
1880,70.55172987138971,22.224220428057585
1881,70.55964066695634,22.231774818146622
1882,70.63271491693061,22.239329208235656
1883,70.63271491693061,22.246883598324693
1884,70.63271810308575,22.255917914464188
1885,70.63809563277883,22.263472304553225
1886,70.64558721382382,22.27102988079741
1887,70.64559039997897,22.2785874570416
1888,70.64949118977674,22.286145033285784
1889,70.65487190562496,22.293702609529973
1890,70.65635501783058,22.293702609529973
1891,70.65795545080174,22.293702609529973
1892,70.65943856300736,22.345939109153235
1893,70.65944174916251,22.359678397187803
1894,70.66963516278372,22.359678397187803
1895,70.66963834893888,22.363576000830413
1896,70.68102753362646,22.385460227450764
1897,70.68102753362646,22.407344454071115
1898,70.68103071978162,22.40734764022627
1899,70.68103390593677,22.40735082638142
1900,70.68251701814239,22.407354012536572
1901,70.71082006065777,22.41491158878076
1902,70.76091113095092,22.414914774935912
1903,70.76480873459353,22.414917961091064
1904,70.76870633823614,22.414921147246215
1905,70.76870633823614,22.414924333401366
1906,70.76870633823614,22.41492751955652
1907,70.76870633823614,22.414930705711672
1908,70.7687095243913,22.414933891866824
1909,70.78334871829831,22.414937078021975
1910,70.78334871829831,22.414937078021975
1911,70.78334871829831,22.414937078021975
1912,70.8037230804889,22.414937078021975
1913,70.80762387028666,22.414937078021975
1914,70.80910379633713,22.414937078021975
1915,70.8199969742151,22.414940264177126
1916,70.82796751454308,22.416540697148285
1917,70.84401300104773,22.416543883303437
1918,70.84401300104773,22.418144316274592
1919,70.86460588880516,22.419744749245748
1920,70.86460588880516,22.421345182216903
1921,70.86620632177632,22.422945615188063
1922,70.86620632177632,22.422948801343214
1923,70.86928668079794,22.422948801343214
1924,70.91028666569109,22.422948801343214
1925,70.91028985184624,22.422948801343214
1926,70.9118902848174,22.422948801343214
1927,70.9118902848174,22.422948801343214
1928,70.91578788846002,22.422948801343214
1929,70.91578788846002,22.422948801343214
1930,70.92952399033943,22.422951987498365
1931,70.92952399033943,22.422955173653516
1932,70.92952399033943,22.422958359808668
1933,70.92952717649459,22.422958359808668
1934,70.92953036264973,22.422958359808668
1935,70.92953036264973,22.424438285859132
1936,70.92953036264973,22.425918211909593
1937,70.93101028870021,22.427401324115205
1938,70.93261072167135,22.428881250165666
1939,70.93261072167135,22.437852757261112
1940,70.93261072167135,22.446824264356557
1941,70.94266338176354,22.44830737656217
1942,70.94414649396916,22.449790488767782
1943,70.94562642001964,22.451270414818246
1944,70.94562642001964,22.452750340868707
1945,70.95353721558625,22.45423026691917
1946,70.9838354202496,22.45571019296963
1947,70.9838354202496,22.45719011902009
1948,70.9838354202496,22.458670045070555
1949,70.9838354202496,22.460149971121016
1950,70.98543585322076,22.461629897171477
1951,71.01522768925258,22.463109823221938
1952,71.02428741146196,22.4645897492724
1953,71.04663603833644,22.466069675322863
1954,71.04663603833644,22.467549601373324
1955,71.0466392244916,22.469029527423785
1956,71.05054001428935,22.470509453474246
1957,71.05214044726051,22.471989379524707
1958,71.05214044726051,22.473469305575172
1959,71.05214044726051,22.474949231625633
1960,71.08316184723834,22.476429157676094
1961,71.11585874630639,22.477909083726555
1962,71.15717973921748,22.479389009777016
1963,71.16669096775527,22.48086893582748
1964,71.16669096775527,22.48234886187794
1965,71.21258612807841,22.483828787928402
1966,71.25269046568037,22.485308713978863
1967,71.25269046568037,22.486788640029324
1968,71.25269046568037,22.48826856607979
1969,71.25269365183553,22.48974849213025
1970,71.25417676404115,22.49122841818071
1971,71.25417676404115,22.492708344231172
1972,71.25417676404115,22.492711530386323
1973,71.25417995019629,22.492714716541478
1974,71.27841578160532,22.49271790269663
1975,71.29567841148796,22.49271790269663
1976,71.29716152369357,22.49272108885178
1977,71.29716470984872,22.52590444421955
1978,71.29716789600387,22.5259076303747
1979,71.29717108215902,22.5259076303747
1980,71.30025144118065,22.527508063345856
1981,71.30025144118065,22.527508063345856
1982,71.3170719463991,22.527508063345856
1983,71.32015230542072,22.527508063345856
1984,71.33427445655884,22.527508063345856
1985,71.34128329928437,22.527508063345856
1986,71.34288373225553,22.527508063345856
1987,71.34436684446115,22.527508063345856
1988,71.38851949744324,22.527508063345856
1989,71.39804198530965,22.527508063345856
1990,71.39952191136011,22.527508063345856
1991,71.39952191136011,22.527508063345856
1992,71.40112234433127,22.527508063345856
1993,71.40272277730243,22.527508063345856
1994,71.40272596345758,22.52898798939632
1995,71.41063994517935,22.53046791544678
1996,71.41063994517935,22.531947841497242
1997,71.43125307954513,22.533427767547703
1998,71.47974350951213,22.534907693598164
1999,71.47974350951213,22.53638761964863
